"","Project","Version","Class","wmc","dit","noc","cbo","rfc","lcom","ca","ce","npm","lcom3","loc","dam","moa","mfa","cam","ic","cbm","amc","nr","ndc","nml","ndpv","max.cc.","avg.cc.","isBuggy"
"11491","lucene","2.2","org.apache.lucene.search.SortComparator",3,1,0,7,7,3,4,5,2,2,21,0,0,0,0.6666667,0,0,6,"1","1","19","0",1,0.6666667,FALSE
"11492","lucene","2.2","org.apache.lucene.analysis.LowerCaseFilter",2,3,0,4,5,1,1,3,2,2,21,0,0,0.8,0.75,0,0,9.5,"1","1","11","0",1,0.5,TRUE
"11493","lucene","2.2","org.apache.lucene.index.IndexModifier",26,1,0,10,55,0,0,10,22,0.344,705,1,4,0,0.18461539,0,0,25.73077,"6","4","180","2",2,1.1538461,TRUE
"11494","lucene","2.2","org.apache.lucene.search.NonMatchingScorer",6,2,0,4,10,15,1,3,6,2,31,0,0,0.61538464,0.6666667,1,3,4.1666665,"1","1","11","0",1,0.8333333,FALSE
"11495","lucene","2.2","org.apache.lucene.search.ScoreDocComparator$2",4,1,0,2,6,6,1,2,3,2,31,0,0,0,0.75,0,0,6.75,NA,"0",NA,"0",3,1.25,FALSE
"11496","lucene","2.2","org.apache.lucene.index.MultiLevelSkipListReader",10,1,1,4,21,0,1,3,1,0.61904764,477,1,1,0,0.5,0,0,45.3,"1","1","271","0",2,1,TRUE
"11497","lucene","2.2","org.apache.lucene.search.FieldCacheImpl$8",2,2,0,8,17,1,1,8,0,1,78,1,1,0.6666667,0.625,1,1,37.5,NA,"0",NA,"0",1,0.5,FALSE
"11498","lucene","2.2","org.apache.lucene.search.DisjunctionMaxQuery$DisjunctionMaxWeight",7,1,0,10,35,0,1,10,7,0.3888889,259,1,2,0,0.30952382,0,0,35.57143,NA,"0",NA,"0",2,1,FALSE
"11499","lucene","2.2","org.apache.lucene.search.PrefixFilter$1",2,2,0,3,4,0,1,3,1,0.5,19,1,1,0.5,0.6,1,1,7.5,NA,"0",NA,"0",1,0.5,FALSE
"11500","lucene","2.2","org.apache.lucene.document.NumberTools",4,1,0,0,18,0,0,0,3,1.1666666,130,0.5,0,0,0.33333334,0,0,30,"1","1","11","0",6,2.5,FALSE
"11501","lucene","2.2","org.apache.lucene.search.spans.SpanFirstQuery",13,3,0,6,30,0,1,6,11,0.41666666,176,1,1,0.5714286,0.1923077,2,2,12.384615,"1","1","11","0",6,1.3076923,FALSE
"11502","lucene","2.2","org.apache.lucene.analysis.standard.CharStream",12,1,0,3,12,66,3,0,12,2,12,0,0,0,0.5833333,0,0,0,"1","1","14","1",1,1,FALSE
"11503","lucene","2.2","org.apache.lucene.store.MMapDirectory",2,3,0,5,10,1,0,5,2,1,48,1,0,0.97727275,0.75,1,2,22.5,"1","1","11","0",1,0.5,TRUE
"11504","lucene","2.2","org.apache.lucene.index.SegmentTermPositions",15,2,0,6,27,7,1,6,7,0.6122449,287,1,1,0.44,0.2,1,3,17.666666,"6","3","190","4",3,1.0666667,TRUE
"11505","lucene","2.2","org.apache.lucene.index.KeepOnlyLastCommitDeletionPolicy",3,1,0,4,7,3,2,2,3,2,28,0,0,0,0.8333333,0,0,8.333333,"1","1","50","0",2,1,TRUE
"11506","lucene","2.2","org.apache.lucene.index.StaleReaderException",1,4,0,2,2,0,2,0,1,2,5,0,0,1,1,0,0,4,"1","1","36","0",0,0,FALSE
"11507","lucene","2.2","org.apache.lucene.store.IndexInput",15,1,5,31,18,103,31,0,15,0.9285714,256,1,0,0,0.28,0,0,16,"2","2","37","0",1,0.93333334,TRUE
"11508","lucene","2.2","org.apache.lucene.search.PhraseQuery",15,2,0,9,43,0,3,7,11,0.58928573,303,1,0,0.46153846,0.19166666,2,3,18.933332,"1","1","11","0",6,1.8,TRUE
"11509","lucene","2.2","org.apache.lucene.index.MultiReader",28,2,0,17,61,0,1,16,17,0.6825397,664,1,1,0.6976744,0.15773809,1,9,22.464285,"13","5","202","9",6,1.3928572,TRUE
"11510","lucene","2.2","org.apache.lucene.search.SloppyPhraseScorer",4,3,0,9,19,0,3,7,0,0.5555556,326,1,1,0.8695652,0.34375,1,1,79.75,"2","2","170","1",4,1.5,TRUE
"11511","lucene","2.2","org.apache.lucene.search.BooleanScorer2",21,2,0,16,58,104,5,15,10,0.65625,511,1,3,0.32,0.2375,1,3,22.952381,"6","4","105","4",6,1.6666666,TRUE
"11512","lucene","2.2","org.apache.lucene.index.SegmentTermDocs",12,1,1,13,33,12,2,12,8,0.6909091,377,0.8666667,4,0,0.21875,0,0,29.166666,"3","2","171","2",1,0.9166667,FALSE
"11513","lucene","2.2","org.apache.lucene.search.Scorer",9,1,17,38,11,34,35,3,7,0.875,47,1,1,0,0.41666666,0,0,4.111111,"1","1","11","0",1,0.8888889,TRUE
"11514","lucene","2.2","org.apache.lucene.search.ConjunctionScorer",10,2,1,6,21,0,3,4,6,0.41269842,340,1,1,0.47058824,0.3,1,3,32.3,"2","1","98","1",2,1.1,TRUE
"11515","lucene","2.2","org.apache.lucene.queryParser.CharStream",12,1,0,3,12,66,3,0,12,2,12,0,0,0,0.5833333,0,0,0,"1","1","14","0",1,1,TRUE
"11516","lucene","2.2","org.apache.lucene.search.BooleanScorer2$SingleMatchScorer",6,2,0,5,14,0,1,5,5,0.53333336,62,1,2,0.61538464,0.41666666,1,3,8.833333,NA,"0",NA,"0",1,0.8333333,FALSE
"11517","lucene","2.2","org.apache.lucene.search.Hits",11,1,0,13,28,19,3,12,5,0.64,338,1,6,0,0.32467532,0,0,28.818182,"3","3","40","1",4,1.1818181,TRUE
"11518","lucene","2.2","org.apache.lucene.search.MatchAllDocsQuery",6,2,0,7,14,15,3,5,5,2,57,0,0,0.7058824,0.33333334,2,3,8.5,"3","2","22","1",3,1.1666666,TRUE
"11519","lucene","2.2","org.apache.lucene.search.BooleanScorer$BucketTable",3,1,0,4,5,3,2,3,3,1.25,25,0,2,0,0.6666667,0,0,6,NA,"0",NA,"0",1,0.6666667,FALSE
"11520","lucene","2.2","org.apache.lucene.index.CompoundFileWriter$1",0,1,0,2,0,0,2,0,0,2,0,0,0,0,0,0,0,0,NA,"0",NA,"0",0,0,FALSE
"11521","lucene","2.2","org.apache.lucene.queryParser.ParseException",5,3,0,3,18,0,2,1,4,0.55,387,0.4,1,0.8666667,0.4,1,1,75.4,"0","0",NA,"0",14,4.8,TRUE
"11522","lucene","2.2","org.apache.lucene.index.IndexReader$FieldOption",4,1,0,6,5,4,6,0,1,0.93939394,78,0.09090909,10,0,0.6666667,0,0,15.75,NA,"0",NA,"0",1,0.25,FALSE
"11523","lucene","2.2","org.apache.lucene.search.BooleanQuery$1",2,3,0,3,3,1,1,3,1,1,12,1,1,0.95454544,0.625,1,1,4.5,NA,"0",NA,"0",1,0.5,FALSE
"11524","lucene","2.2","org.apache.lucene.search.FieldCacheImpl$3",2,1,0,2,4,1,1,1,1,2,8,0,0,0,0.75,0,0,3,NA,"0",NA,"0",1,0.5,FALSE
"11525","lucene","2.2","org.apache.lucene.store.LockObtainFailedException",1,4,0,5,2,0,5,0,1,2,5,0,0,1,1,0,0,4,"1","1","33","0",0,0,FALSE
"11526","lucene","2.2","org.apache.lucene.document.Fieldable",18,1,0,10,18,153,9,1,18,2,18,0,0,0,0.37037036,0,0,0,"2","2","172","0",1,1,TRUE
"11527","lucene","2.2","org.apache.lucene.analysis.CharTokenizer",4,3,2,4,8,4,2,2,2,0.85714287,122,1,0,0.5714286,0.5833333,0,0,27.75,"1","1","11","0",1,0.75,TRUE
"11528","lucene","2.2","org.apache.lucene.index.TermPositions",4,1,0,23,4,6,22,1,4,2,4,0,0,0,0.5,0,0,0,"5","4","117","3",1,1,TRUE
"11529","lucene","2.2","org.apache.lucene.search.FilteredTermEnum",9,2,2,7,14,8,5,2,6,0.5,103,1,2,0.3846154,0.4074074,1,2,10.222222,"1","1","11","0",2,1,FALSE
"11530","lucene","2.2","org.apache.lucene.search.Sort",14,1,0,12,22,61,11,1,13,0.6923077,175,0,3,0,0.32051283,0,0,11.285714,"3","2","19","0",3,0.71428573,TRUE
"11531","lucene","2.2","org.apache.lucene.search.function.FloatFieldSource$1",4,2,0,2,11,0,1,2,2,0.33333334,40,1,1,0.8,0.5625,1,6,8.5,NA,"0",NA,"0",1,0.75,FALSE
"11532","lucene","2.2","org.apache.lucene.search.PrefixGenerator",2,1,1,6,16,0,1,5,1,0,66,1,1,0,0.6666667,0,0,31.5,"0","0",NA,"0",1,0.5,FALSE
"11533","lucene","2.2","org.apache.lucene.queryParser.QueryParser$Operator",2,2,0,2,3,1,1,1,0,1,19,0,2,1,1,0,0,7.5,NA,"0",NA,"0",0,0,FALSE
"11534","lucene","2.2","org.apache.lucene.search.ScoreDocComparator$1",4,1,0,2,6,6,1,2,3,2,33,0,0,0,0.75,0,0,7.25,NA,"0",NA,"0",3,1.25,FALSE
"11535","lucene","2.2","org.apache.lucene.index.SegmentTermVector",8,1,1,3,15,0,2,1,7,0.5714286,133,1,0,0,0.35,0,0,15.25,"1","1","11","0",4,1.75,TRUE
"11536","lucene","2.2","org.apache.lucene.search.FieldDocSortedHitQueue",5,2,0,6,21,0,3,3,0,0.375,274,0,1,0.73333335,0.5,1,3,53.4,"2","2","13","0",18,5,TRUE
"11537","lucene","2.2","org.apache.lucene.store.LockFactory",5,1,4,8,6,4,7,1,5,0.5,19,1,0,0,0.8,0,0,2.6,"5","2","87","0",1,0.8,TRUE
"11538","lucene","2.2","org.apache.lucene.search.payloads.BoostingTermQuery",3,4,0,5,7,3,1,5,2,2,38,0,0,0.9230769,0.5,1,1,11.666667,"4","3","214","0",4,1.6666666,TRUE
"11539","lucene","2.2","org.apache.lucene.search.function.ShortFieldSource",7,3,0,7,22,9,2,6,6,0.7777778,122,0.33333334,1,0.7058824,0.33333334,2,3,16,"1","1","105","0",6,1.7142857,TRUE
"11540","lucene","2.2","org.apache.lucene.index.TermInfosWriter",6,1,0,9,29,0,2,7,0,0.45,395,0.6666667,5,0,0.47916666,0,0,62.833332,"3","3","27","2",1,0.6666667,TRUE
"11541","lucene","2.2","org.apache.lucene.search.PhraseScorer",13,2,2,9,34,0,2,7,6,0.6666667,345,1,4,0.4,0.21978022,1,3,24.846153,"2","2","41","1",3,1.1538461,FALSE
"11542","lucene","2.2","org.apache.lucene.search.HitIterator",5,1,0,2,10,0,1,2,4,0.375,60,1,1,0,0.6,0,0,10.6,"1","1","11","0",2,1.2,TRUE
"11543","lucene","2.2","org.apache.lucene.store.NoLockFactory",5,2,0,4,7,6,1,3,4,0.75,24,1,2,0.5714286,0.625,0,0,3.4,"3","2","75","0",1,0.6,FALSE
"11544","lucene","2.2","org.apache.lucene.index.SegmentInfos",30,4,0,16,75,349,10,8,23,0.9367816,515,0.6666667,0,0.7383177,0.15517241,1,3,15.766666,"12","4","740","7",6,1.2666667,TRUE
"11545","lucene","2.2","org.apache.lucene.search.FieldCache",13,1,0,16,14,78,10,8,12,1.0416666,20,0,1,0,0.42708334,0,0,0.3846154,"3","2","84","0",1,0.9230769,TRUE
"11546","lucene","2.2","org.apache.lucene.analysis.SimpleAnalyzer",2,2,0,4,4,1,1,3,2,2,10,0,0,0.6666667,0.6666667,0,0,4,"1","1","11","0",1,0.5,FALSE
"11547","lucene","2.2","org.apache.lucene.queryParser.QueryParser$LookaheadSuccess",2,3,0,2,3,1,1,1,0,2,8,0,0,1,0.75,0,0,3,NA,"0",NA,"0",0,0,FALSE
"11548","lucene","2.2","org.apache.lucene.index.ParallelReader$ParallelTermEnum",6,2,0,4,23,0,1,4,6,0.55,166,1,2,0.5555556,0.5,1,2,26,NA,"0",NA,"0",2,1,FALSE
"11549","lucene","2.2","org.apache.lucene.search.ParallelMultiSearcher$1",2,2,0,2,4,0,1,2,1,0.33333334,26,1,2,0.5,0.7,0,0,10.5,NA,"0",NA,"0",1,0.5,FALSE
"11550","lucene","2.2","org.apache.lucene.search.FieldCacheImpl$10",2,2,0,7,23,1,1,7,0,1,133,1,1,0.6666667,0.625,1,1,65,NA,"0",NA,"0",1,0.5,FALSE
"11551","lucene","2.2","org.apache.lucene.index.FilterIndexReader$FilterTermDocs",9,1,1,4,18,0,1,3,9,0,53,1,1,0,0.25925925,0,0,4.7777777,NA,"0",NA,"0",1,0.8888889,FALSE
"11552","lucene","2.2","org.apache.lucene.search.RemoteSearchable",13,4,0,14,31,0,0,14,13,0,120,1,1,0.6,0.20512821,0,0,8.153846,"3","3","19","2",1,0.9230769,FALSE
"11553","lucene","2.2","org.apache.lucene.search.TermQuery",8,2,0,15,22,0,10,6,6,0.14285715,100,1,1,0.6315789,0.23214285,2,2,11.375,"2","2","21","1",4,1.375,TRUE
"11554","lucene","2.2","org.apache.lucene.search.spans.NearSpansOrdered",15,1,0,6,41,25,3,5,7,0.74725276,661,0.84615386,3,0,0.20238096,0,0,42.2,"2","2","275","0",6,1.5333333,FALSE
"11555","lucene","2.2","org.apache.lucene.index.DefaultSkipListWriter",4,2,0,3,10,0,1,2,0,0.4848485,176,1,2,0.625,0.625,1,1,40.25,"1","1","124","0",1,0.75,FALSE
"11556","lucene","2.2","org.apache.lucene.search.SimilarityDelegator",7,2,1,2,14,0,1,1,7,0,47,1,1,0.71428573,0.42857143,1,2,5.571429,"1","1","11","0",1,0.85714287,TRUE
"11557","lucene","2.2","org.apache.lucene.store.NativeFSLock",7,2,0,2,32,1,1,1,6,0.5833333,485,1,0,0.44444445,0.44444445,1,1,67.42857,"0","0",NA,"0",3,1.1428572,FALSE
"11558","lucene","2.2","org.apache.lucene.search.TopDocs",3,1,1,14,4,0,13,1,2,0.6666667,25,0.33333334,1,0,0.5833333,0,0,6.3333335,"1","1","11","0",1,0.6666667,TRUE
"11559","lucene","2.2","org.apache.lucene.index.TermVectorsWriter$TVTerm",2,1,0,3,3,1,1,2,0,0.5,21,0,1,0,0.75,0,0,7.5,NA,"0",NA,"0",0,0,FALSE
"11560","lucene","2.2","org.apache.lucene.queryParser.QueryParserConstants",1,1,0,2,1,0,2,0,0,2,174,0,0,0,0,0,0,136,"1","1","36","1",0,0,TRUE
"11561","lucene","2.2","org.apache.lucene.index.FieldReaderException",4,4,0,1,8,6,1,0,4,2,20,0,0,1,0.6666667,0,0,4,"3","2","95","0",0,0,FALSE
"11562","lucene","2.2","org.apache.lucene.search.BooleanQuery",27,2,0,19,64,171,12,11,22,0.7692308,443,1,0,0.33333334,0.102564104,2,6,15.222222,"6","4","229","4",12,1.5925926,TRUE
"11563","lucene","2.2","org.apache.lucene.search.function.CustomScoreQuery$CustomScorer",7,2,0,9,26,0,1,9,5,0.44444445,174,1,5,0.61538464,0.35714287,1,3,23,NA,"0",NA,"0",1,0.71428573,FALSE
"11564","lucene","2.2","org.apache.lucene.index.MultiTermPositions",6,2,0,5,12,3,1,4,5,2,36,0,0,0.6666667,0.30555555,1,1,5,"0","0",NA,"0",1,0.8333333,FALSE
"11565","lucene","2.2","org.apache.lucene.search.FieldDoc",2,2,0,4,3,1,3,1,2,1,16,0,0,0,0.875,0,0,6.5,"1","1","11","0",0,0,TRUE
"11566","lucene","2.2","org.apache.lucene.document.DateField",8,1,0,1,25,22,1,0,6,0.42857143,126,1,0,0,0.17857143,0,0,14.625,"1","1","11","0",5,1.375,FALSE
"11567","lucene","2.2","org.apache.lucene.search.FilteredQuery",9,2,0,9,26,0,2,8,8,0.3125,143,0,2,0.6,0.22222222,2,4,14.666667,"5","4","53","4",5,1.3333334,TRUE
"11568","lucene","2.2","org.apache.lucene.index.IndexFileNameFilter",5,1,0,3,14,4,2,1,4,0.5833333,145,0.6666667,1,0,0.5,0,0,27.4,"3","2","78","0",7,2.6,TRUE
"11569","lucene","2.2","org.apache.lucene.document.DateTools$Resolution",4,1,0,2,5,4,2,0,1,0.9166667,60,0.125,7,0,0.6666667,0,0,12,NA,"0",NA,"0",1,0.25,FALSE
"11570","lucene","2.2","org.apache.lucene.queryParser.TokenMgrError",6,3,0,2,19,15,2,0,4,1.12,184,0,0,0.8125,0.5,1,1,28.833334,"0","0",NA,"0",14,2.8333333,TRUE
"11571","lucene","2.2","org.apache.lucene.store.FSDirectory$FSIndexOutput",5,3,0,2,13,0,1,1,5,0.375,54,0.5,0,0.8518519,0.36,1,2,9.4,NA,"0",NA,"0",1,0.8,FALSE
"11572","lucene","2.2","org.apache.lucene.index.TermFreqVector",6,1,0,11,6,15,11,0,6,2,6,0,0,0,0.375,0,0,0,"2","2","19","0",1,1,FALSE
"11573","lucene","2.2","org.apache.lucene.search.TopFieldDocs",1,2,0,14,2,0,11,3,0,2,11,0,1,1,1,0,0,9,"1","1","11","0",0,0,TRUE
"11574","lucene","2.2","org.apache.lucene.index.SegmentInfo",18,1,0,12,44,0,8,4,4,0.67873305,981,0.46153846,1,0,0.24305555,0,0,52.77778,"11","4","697","6",4,1.3333334,TRUE
"11575","lucene","2.2","org.apache.lucene.search.MatchAllDocsQuery$MatchAllDocsWeight",8,1,0,10,19,0,1,10,8,0.64285713,105,1,2,0,0.29166666,0,0,11.625,NA,"0",NA,"0",2,1,FALSE
"11576","lucene","2.2","org.apache.lucene.search.SortComparatorSource",1,1,0,6,1,0,4,2,1,2,1,0,0,0,1,0,0,0,"2","2","23","0",1,1,FALSE
"11577","lucene","2.2","org.apache.lucene.store.NativeFSLockFactory",7,2,0,4,27,9,1,3,4,0.33333334,186,1,0,0.5,0.5714286,0,0,25.428572,"7","2","643","0",2,0.71428573,TRUE
"11578","lucene","2.2","org.apache.lucene.search.FieldSortedHitQueue$5",4,1,0,3,6,0,1,2,3,0.5,54,1,0,0,0.5,0,0,12,NA,"0",NA,"0",4,1.5,FALSE
"11579","lucene","2.2","org.apache.lucene.search.DisjunctionMaxQuery",14,2,0,6,38,0,1,6,11,0.3846154,318,1,0,0.5,0.17142858,2,5,21.571428,"2","2","11","1",6,1.5714285,TRUE
"11580","lucene","2.2","org.apache.lucene.search.FieldCache$FloatParser",1,1,0,5,1,0,5,0,1,2,1,0,0,0,1,0,0,0,NA,"0",NA,"0",1,1,FALSE
"11581","lucene","2.2","org.apache.lucene.analysis.CachingTokenFilter",4,3,0,3,10,2,0,3,3,0.6666667,57,1,0,0.5714286,0.625,0,0,12.75,"1","1","68","0",1,0.75,TRUE
"11582","lucene","2.2","org.apache.lucene.search.BooleanScorer2$2",2,3,0,4,6,0,1,4,1,0,39,1,1,0.9444444,0.625,2,2,17,NA,"0",NA,"0",1,0.5,FALSE
"11583","lucene","2.2","org.apache.lucene.index.TermVectorsWriter$TVField",1,1,0,1,2,0,1,0,0,2,26,0,0,0,1,0,0,21,NA,"0",NA,"0",0,0,FALSE
"11584","lucene","2.2","org.apache.lucene.index.IndexFileDeleter$CommitPoint",4,1,0,5,14,0,1,5,4,0.8,91,0.2,1,0,0.4375,0,0,20.5,NA,"0",NA,"0",3,1.5,FALSE
"11585","lucene","2.2","org.apache.lucene.search.function.ValueSourceQuery$ValueSourceWeight",7,1,0,10,12,3,2,10,7,0.6666667,68,0.25,2,0,0.30952382,0,0,8.142858,NA,"0",NA,"0",1,0.85714287,FALSE
"11586","lucene","2.2","org.apache.lucene.search.SortField",15,1,0,9,22,0,8,1,14,0.8520408,297,0.2857143,3,0,0.3809524,0,0,17.866667,"1","1","11","0",7,0.8,TRUE
"11587","lucene","2.2","org.apache.lucene.search.Searcher",23,1,3,40,28,247,29,14,22,0.90909094,131,1,1,0,0.27391306,0,0,4.652174,"2","2","14","1",1,0.95652175,TRUE
"11588","lucene","2.2","org.apache.lucene.document.Field$Store",2,2,0,5,3,1,4,1,0,1,25,0,3,1,1,0,0,10,NA,"0",NA,"0",0,0,FALSE
"11589","lucene","2.2","org.apache.lucene.index.CompoundFileWriter$FileEntry",2,1,0,2,3,1,1,1,0,2,11,0,0,0,0.75,0,0,3,NA,"0",NA,"0",0,0,FALSE
"11590","lucene","2.2","org.apache.lucene.index.FieldsReader",18,1,0,17,61,69,2,16,0,0.8067227,745,1,4,0,0.23737374,0,0,40,"13","5","631","9",5,1.3333334,TRUE
"11591","lucene","2.2","org.apache.lucene.search.Explanation",13,1,1,41,21,64,41,0,11,0.6111111,197,1,0,0,0.2923077,0,0,13.923077,"3","2","46","2",4,1.4615384,FALSE
"11592","lucene","2.2","org.apache.lucene.search.ReqExclScorer",7,2,0,4,16,0,1,3,6,0.33333334,179,1,2,0.5714286,0.47619048,1,3,24.142857,"1","1","11","0",1,0.85714287,FALSE
"11593","lucene","2.2","org.apache.lucene.store.AlreadyClosedException",1,5,0,4,2,0,4,0,1,2,5,0,0,1,1,0,0,4,"1","1","28","0",0,0,FALSE
"11594","lucene","2.2","org.apache.lucene.search.function.ValueSourceQuery",7,2,1,11,20,9,5,7,6,0.5,74,0,1,0.6666667,0.26530612,2,3,9.428572,"1","1","201","0",4,1.2857143,TRUE
"11595","lucene","2.2","org.apache.lucene.store.SimpleFSLock",5,2,0,2,18,0,1,1,5,0.375,83,0,0,0.5,0.46666667,1,1,15.2,"0","0",NA,"0",1,0.8,FALSE
"11596","lucene","2.2","org.apache.lucene.search.function.IntFieldSource",7,3,0,7,22,9,2,6,6,0.7777778,122,0.33333334,1,0.7058824,0.33333334,2,3,16,"1","1","107","0",6,1.7142857,TRUE
"11597","lucene","2.2","org.apache.lucene.search.BooleanScorer$Collector",2,2,0,3,4,0,1,3,2,0,81,1,1,0.5,0.75,0,0,38.5,NA,"0",NA,"0",3,1.5,FALSE
"11598","lucene","2.2","org.apache.lucene.search.ReqOptSumScorer",6,2,0,4,15,0,1,3,6,0.46666667,113,1,2,0.61538464,0.5,1,3,17.333334,"1","1","11","0",1,0.8333333,FALSE
"11599","lucene","2.2","org.apache.lucene.search.RangeQuery",9,2,0,9,32,0,1,8,9,0.29166666,340,1,2,0.6,0.25925925,2,3,36.444443,"3","2","26","0",11,3,TRUE
"11600","lucene","2.2","org.apache.lucene.util.ScorerDocQueue$HeapedScorerDoc",3,1,0,2,5,1,1,2,0,0.16666667,31,0.33333334,2,0,0.6666667,0,0,8.333333,NA,"0",NA,"0",1,0.33333334,FALSE
"11601","lucene","2.2","org.apache.lucene.index.IndexFileDeleter$RefCount",6,1,0,2,7,13,1,1,0,0.4,35,0,0,0,0.3888889,0,0,4.6666665,NA,"0",NA,"0",1,0.6666667,FALSE
"11602","lucene","2.2","org.apache.lucene.search.function.ShortFieldSource$1",5,2,0,2,12,0,1,2,3,0.375,46,1,1,0.75,0.55,1,6,7.8,NA,"0",NA,"0",1,0.8,FALSE
"11603","lucene","2.2","org.apache.lucene.search.ConjunctionScorer$1",2,1,0,2,4,1,1,2,1,1,17,1,1,0,0.6666667,0,0,7,NA,"0",NA,"0",1,0.5,FALSE
"11604","lucene","2.2","org.apache.lucene.search.FilterManager",5,1,0,5,18,4,4,3,4,0.8214286,112,1,2,0,0.35,0,0,20,"1","1","205","0",2,1.2,TRUE
"11605","lucene","2.2","org.apache.lucene.store.RAMDirectory",17,2,0,11,42,0,2,10,15,0.5625,393,0.33333334,0,0.5862069,0.3529412,1,5,21.941177,"16","5","315","12",2,0.88235295,TRUE
"11606","lucene","2.2","org.apache.lucene.index.SegmentTermEnum",13,2,0,10,38,0,3,7,4,0.76666665,367,0.53333336,6,0.29411766,0.21153846,1,2,26.076923,"3","3","27","2",1,0.9230769,TRUE
"11607","lucene","2.2","org.apache.lucene.index.TermVectorsReader",10,1,0,9,37,17,1,8,0,0.5555556,659,1,4,0,0.2777778,0,0,64.2,"4","3","33","2",4,1.1,TRUE
"11608","lucene","2.2","org.apache.lucene.search.TermQuery$TermWeight",8,1,0,12,40,0,1,12,8,0.6904762,323,1,2,0,0.29166666,0,0,38.625,NA,"0",NA,"0",1,0.875,FALSE
"11609","lucene","2.2","org.apache.lucene.search.spans.TermSpans",8,1,0,6,19,0,3,3,8,0.6666667,160,1,2,0,0.34375,0,0,18.25,"1","1","101","0",3,1.125,FALSE
"11610","lucene","2.2","org.apache.lucene.analysis.standard.StandardTokenizerConstants",1,1,0,3,1,0,3,0,0,2,87,0,0,0,0,0,0,68,"0","0",NA,"0",0,0,FALSE
"11611","lucene","2.2","org.apache.lucene.index.TermEnum",6,1,5,33,8,15,32,1,6,2,21,0,0,0,0.5833333,0,0,2.5,"1","1","11","0",1,0.8333333,FALSE
"11612","lucene","2.2","org.apache.lucene.search.PrefixQuery",6,2,0,9,28,0,1,8,6,0,147,1,1,0.7058824,0.33333334,2,3,23.333334,"2","1","14","0",4,1.5,FALSE
"11613","lucene","2.2","org.apache.lucene.index.MultipleTermPositions$TermPositionsQueue",3,2,0,3,13,3,1,2,1,2,42,0,0,0.84615386,0.5555556,1,3,13,NA,"0",NA,"0",2,1,FALSE
"11614","lucene","2.2","org.apache.lucene.document.LoadFirstFieldSelector",2,1,0,2,3,1,0,2,2,2,7,0,0,0,0.75,0,0,2.5,"2","1","41","0",1,0.5,FALSE
"11615","lucene","2.2","org.apache.lucene.index.CompoundFileWriter",6,1,0,6,39,0,1,5,5,0.6,339,1,1,0,0.33333334,0,0,54.666668,"2","2","13","1",4,1.3333334,TRUE
"11616","lucene","2.2","org.apache.lucene.store.RAMFile",8,1,0,3,12,6,3,1,0,0.8095238,115,0.33333334,1,0,0.375,0,0,12.625,"3","2","75","1",2,0.875,TRUE
"11617","lucene","2.2","org.apache.lucene.search.function.ValueSourceQuery$ValueSourceScorer",7,2,0,10,22,0,1,10,5,0.5,143,1,4,0.61538464,0.36734694,1,3,18.428572,NA,"0",NA,"0",1,0.71428573,FALSE
"11618","lucene","2.2","org.apache.lucene.index.SegmentReader",45,2,0,31,137,732,6,28,20,0.8997934,1253,0.59090906,10,0.5825243,0.13111888,1,8,26.355556,"16","5","508","11",28,1.7555555,TRUE
"11619","lucene","2.2","org.apache.lucene.analysis.PerFieldAnalyzerWrapper",5,2,0,2,15,0,0,2,5,0.125,73,1,1,0.33333334,0.55,0,0,13.2,"2","1","19","1",2,1.2,FALSE
"11620","lucene","2.2","org.apache.lucene.analysis.standard.ParseException",5,4,0,2,18,0,1,1,4,0.55,380,0.4,1,0.8666667,0.4,1,1,74,"1","1","3","1",14,4.8,FALSE
"11621","lucene","2.2","org.apache.lucene.search.BooleanClause",10,1,0,6,18,0,5,2,10,0.33333334,104,1,2,0,0.375,1,1,9.2,"3","2","34","1",4,1.4,FALSE
"11622","lucene","2.2","org.apache.lucene.index.FieldsReader$FieldForMerge",5,2,0,5,7,4,2,3,5,2,61,0,0,0.8,0.4,1,4,11.2,NA,"0",NA,"0",1,0.8,FALSE
"11623","lucene","2.2","org.apache.lucene.search.FieldCacheImpl$11",2,2,0,6,20,0,1,6,0,0,104,1,1,0.6666667,0.625,1,1,50.5,NA,"0",NA,"0",1,0.5,FALSE
"11624","lucene","2.2","org.apache.lucene.search.Weight",6,1,0,47,6,15,44,4,6,2,6,0,0,0,0.41666666,0,0,0,"1","1","11","0",1,1,FALSE
"11625","lucene","2.2","org.apache.lucene.index.MultiLevelSkipListReader$SkipBuffer",7,2,0,2,11,0,1,1,6,0.5,77,1,0,0.7,0.34285715,1,4,9.571428,NA,"0",NA,"0",1,0.85714287,FALSE
"11626","lucene","2.2","org.apache.lucene.search.FuzzyQuery",10,3,0,13,42,7,1,12,9,0.6388889,280,0.5,0,0.72,0.2857143,3,4,26.6,"2","2","17","1",6,1.4,TRUE
"11627","lucene","2.2","org.apache.lucene.index.TermVectorOffsetInfo",9,1,0,7,10,2,7,0,8,0.6666667,83,0.6666667,1,0,0.5,1,1,7.888889,"2","2","39","0",5,1.1111112,FALSE
"11628","lucene","2.2","org.apache.lucene.search.MultiSearcher$1",2,2,0,2,4,0,1,2,1,0.33333334,26,1,2,0.5,0.7,0,0,10.5,NA,"0",NA,"0",1,0.5,FALSE
"11629","lucene","2.2","org.apache.lucene.search.BooleanScorer2$Coordinator",5,1,0,5,8,2,4,3,0,0.5,64,0.5,1,0,0.53333336,0,0,11,NA,"0",NA,"0",2,0.8,FALSE
"11630","lucene","2.2","org.apache.lucene.search.FieldCacheImpl$Entry",4,1,0,8,11,0,8,0,2,0,112,0,0,0,0.5,1,1,26,NA,"0",NA,"0",10,3.25,FALSE
"11631","lucene","2.2","org.apache.lucene.search.MatchAllDocsQuery$MatchAllScorer",6,2,0,7,10,1,1,6,5,0.68,71,0.2,2,0.61538464,0.33333334,1,3,10,NA,"0",NA,"0",3,1.1666666,FALSE
"11632","lucene","2.2","org.apache.lucene.search.IndexSearcher",15,2,0,21,34,0,3,19,14,0.35714287,164,0.5,1,0.6666667,0.1897436,1,3,9.8,"3","3","46","2",1,0.73333335,TRUE
"11633","lucene","2.2","org.apache.lucene.index.FieldInfos",20,1,0,18,51,164,12,6,16,0.94078946,482,0.25,0,0,0.2611111,0,0,22.7,"5","5","90","1",8,1.5,TRUE
"11634","lucene","2.2","org.apache.lucene.analysis.WordlistLoader",4,1,0,2,17,6,2,0,4,2,147,0,0,0,0.33333334,0,0,35.75,"3","2","62","0",1,0.75,FALSE
"11635","lucene","2.2","org.apache.lucene.search.spans.SpanScorer",7,2,1,7,25,0,2,5,5,0.5208333,201,1,2,0.5714286,0.30952382,1,3,26.571428,"3","2","43","2",1,0.85714287,TRUE
"11636","lucene","2.2","org.apache.lucene.search.FilteredQuery$1",8,1,0,9,25,0,2,9,6,0.5714286,149,1,3,0,0.234375,0,0,17.125,NA,"0",NA,"0",1,0.875,FALSE
"11637","lucene","2.2","org.apache.lucene.search.function.DocValues",14,1,6,16,19,79,15,1,11,0.72307694,133,1,0,0,0.78571427,0,0,8.142858,"1","1","176","0",3,1,TRUE
"11638","lucene","2.2","org.apache.lucene.search.FieldCache$ShortParser",1,1,0,5,1,0,5,0,1,2,1,0,0,0,1,0,0,0,NA,"0",NA,"0",1,1,FALSE
"11639","lucene","2.2","org.apache.lucene.index.IndexReader$1",2,2,0,9,12,0,1,9,0,0,88,1,1,0.6666667,0.6,0,0,42,NA,"0",NA,"0",1,0.5,FALSE
"11640","lucene","2.2","org.apache.lucene.search.PhrasePositions",5,1,0,6,12,0,5,1,0,0.6785714,95,0,2,0,0.53333336,0,0,16.6,"2","2","21","1",1,0.8,FALSE
"11641","lucene","2.2","org.apache.lucene.store.FSDirectory$FSIndexInput$Descriptor",3,2,0,1,7,1,1,0,2,0.8333333,38,0.33333334,0,0.9512195,0.5555556,0,0,10.666667,NA,"0",NA,"0",1,0.6666667,FALSE
"11642","lucene","2.2","org.apache.lucene.util.BitVector",14,1,0,5,28,0,2,3,8,0.28846154,1483,1,0,0,0.32051283,0,0,104.64286,"3","2","104","2",10,1.8571428,FALSE
"11643","lucene","2.2","org.apache.lucene.search.spans.SpanOrQuery$1",9,1,0,5,32,6,1,5,6,0.375,206,1,3,0,0.3611111,0,0,21.555555,NA,"0",NA,"0",3,1.1111112,FALSE
"11644","lucene","2.2","org.apache.lucene.store.MMapDirectory$MultiMMapIndexInput",8,2,0,2,26,0,1,1,8,0.46938777,339,1,0,0.6666667,0.325,1,4,40.5,NA,"0",NA,"0",2,1,FALSE
"11645","lucene","2.2","org.apache.lucene.index.CompoundFileReader",16,2,0,9,40,70,2,7,16,0.72,273,1,2,0.5483871,0.5,1,5,15.75,"2","2","37","1",1,0.875,TRUE
"11646","lucene","2.2","org.apache.lucene.search.spans.NearSpansUnordered$CellQueue",2,2,0,5,6,1,1,5,1,1,36,1,1,0.9166667,0.625,1,3,16.5,NA,"0",NA,"0",3,1.5,FALSE
"11647","lucene","2.2","org.apache.lucene.index.ParallelReader$ParallelTermDocs",10,1,1,6,22,0,2,5,10,0.3888889,95,1,2,0,0.28333333,0,0,8.3,NA,"0",NA,"0",1,0.8,FALSE
"11648","lucene","2.2","org.apache.lucene.document.Field$Index",2,2,0,5,3,1,4,1,0,1,31,0,4,1,1,0,0,12.5,NA,"0",NA,"0",0,0,FALSE
"11649","lucene","2.2","org.apache.lucene.document.AbstractField",18,1,3,7,28,51,3,4,15,0.80995476,503,1,0,0,0.1984127,0,0,26.222221,"1","1","274","0",19,2.1666667,TRUE
"11650","lucene","2.2","org.apache.lucene.index.FieldsReader$LazyField",11,2,0,9,25,0,1,9,10,0.33333334,250,1,1,0.64,0.2840909,1,3,21.454546,NA,"0",NA,"0",4,1.6363636,FALSE
"11651","lucene","2.2","org.apache.lucene.index.MultipleTermPositions$IntQueue",8,1,0,2,11,0,1,1,0,0.35714287,107,1,0,0,0.41666666,0,0,11.875,NA,"0",NA,"0",2,0.875,FALSE
"11652","lucene","2.2","org.apache.lucene.store.MMapDirectory$MMapIndexInput",9,2,0,3,19,4,1,2,7,0.5,70,1,0,0.6666667,0.2777778,1,4,6.5555553,NA,"0",NA,"0",1,0.7777778,FALSE
"11653","lucene","2.2","org.apache.lucene.search.FieldCacheImpl$9",2,2,0,6,17,1,1,6,0,1,70,1,1,0.6666667,0.625,1,1,33.5,NA,"0",NA,"0",1,0.5,FALSE
"11654","lucene","2.2","org.apache.lucene.store.Directory",18,1,3,36,33,141,32,4,18,0.8235294,177,1,1,0,0.2962963,0,0,8.777778,"8","3","147","6",1,0.9444444,TRUE
"11655","lucene","2.2","org.apache.lucene.analysis.standard.StandardAnalyzer",7,2,0,8,15,0,0,8,6,0.5,67,0.5,0,0.6666667,0.33333334,0,0,8.285714,"1","1","11","0",1,0.14285715,TRUE
"11656","lucene","2.2","org.apache.lucene.search.MultiPhraseQuery",17,2,0,12,55,12,3,10,13,0.625,407,1,0,0.42857143,0.15882353,2,4,22.705883,"2","2","17","1",7,2.0588236,TRUE
"11657","lucene","2.2","org.apache.lucene.index.MultiLevelSkipListWriter",6,1,1,3,16,0,1,2,0,0.46666667,178,1,1,0,0.6111111,0,0,28.166666,"1","1","151","0",3,1.3333334,FALSE
"11658","lucene","2.2","org.apache.lucene.index.ParallelReader$ParallelTermPositions",7,2,0,6,16,0,1,6,7,0.6666667,65,1,1,0.61538464,0.37142858,1,8,8.142858,NA,"0",NA,"0",1,0.71428573,FALSE
"11659","lucene","2.2","org.apache.lucene.queryParser.QueryParser",64,1,1,34,151,1520,1,33,40,0.8930461,3329,0.5952381,12,0,0.11216931,0,0,50.359375,"13","8","453","7",23,2.484375,TRUE
"11660","lucene","2.2","org.apache.lucene.search.FieldCacheImpl$CreationPlaceholder",1,1,0,1,2,0,1,0,0,2,5,0,0,0,1,0,0,3,NA,"0",NA,"0",0,0,FALSE
"11661","lucene","2.2","org.apache.lucene.search.Hit",8,1,0,4,19,2,1,3,6,0.17857143,116,1,2,0,0.34375,0,0,13,"2","2","26","1",2,1,TRUE
"11662","lucene","2.2","org.apache.lucene.search.RemoteSearchable_Stub",14,3,0,13,24,69,0,13,12,0.96336997,723,0.5714286,0,0.45454547,0.20512821,0,0,49.142857,"0","0",NA,"0",1,0.85714287,FALSE
"11663","lucene","2.2","org.apache.lucene.index.TermVectorsWriter$1",0,1,0,2,0,0,2,0,0,2,0,0,0,0,0,0,0,0,NA,"0",NA,"0",0,0,FALSE
"11664","lucene","2.2","org.apache.lucene.search.DefaultSimilarity",7,2,0,3,10,21,3,1,7,2,54,0,0,0.71428573,0.5,1,2,6.714286,"1","1","11","0",1,0.85714287,FALSE
"11665","lucene","2.2","org.apache.lucene.search.spans.SpanWeight",7,1,1,13,46,0,2,12,7,0.6904762,357,1,2,0,0.30952382,0,0,49,"3","3","53","2",1,0.85714287,FALSE
"11666","lucene","2.2","org.apache.lucene.index.IndexCommitPoint",2,1,0,2,2,1,2,0,2,2,2,0,0,0,1,0,0,0,"2","2","72","0",1,1,TRUE
"11667","lucene","2.2","org.apache.lucene.search.function.OrdFieldSource$1",5,2,0,2,14,0,1,2,3,0.5,47,1,1,0.75,0.55,1,7,8,NA,"0",NA,"0",1,0.8,FALSE
"11668","lucene","2.2","org.apache.lucene.util.ToStringUtils",2,1,0,17,7,1,17,0,2,2,21,0,0,0,0.5,0,0,9.5,"2","2","13","0",2,1,FALSE
"11669","lucene","2.2","org.apache.lucene.analysis.LowerCaseTokenizer",2,5,0,3,4,1,2,1,1,2,9,0,0,0.8888889,0.6666667,1,1,3.5,"1","1","11","0",1,0.5,FALSE
"11670","lucene","2.2","org.apache.lucene.search.spans.SpanQuery",5,2,5,17,7,10,12,6,4,2,14,0,0,0.75,0.46666667,1,1,1.8,"1","1","11","0",1,0.8,FALSE
"11671","lucene","2.2","org.apache.lucene.search.FieldSortedHitQueue",14,2,0,17,47,73,2,16,4,0.8269231,361,0.75,3,0.47826087,0.25641027,1,3,24.5,"4","4","96","2",7,1.3571428,TRUE
"11672","lucene","2.2","org.apache.lucene.search.BooleanQuery$BooleanWeight",7,1,0,12,48,0,1,12,7,0.33333334,407,1,2,0,0.30952382,0,0,56.714287,NA,"0",NA,"0",2,1,FALSE
"11673","lucene","2.2","org.apache.lucene.search.function.FieldCacheSource",8,2,4,8,12,8,4,4,8,0.5,68,1,1,0.41666666,0.3125,2,2,7.25,"1","1","105","0",5,1.375,TRUE
"11674","lucene","2.2","org.apache.lucene.search.RangeFilter",7,2,0,6,30,1,1,5,7,0,373,1,0,0.14285715,0.31428573,1,1,51.57143,"1","1","11","0",12,3.5714285,TRUE
"11675","lucene","2.2","org.apache.lucene.search.SloppyPhraseScorer$1",2,1,0,2,3,1,1,2,1,1,17,1,1,0,0.6666667,0,0,7,NA,"0",NA,"0",1,0.5,FALSE
"11676","lucene","2.2","org.apache.lucene.store.RAMOutputStream",13,2,0,4,25,0,2,2,10,0.52380955,292,0.85714287,1,0.56,0.20879121,1,3,20.923077,"6","3","141","4",2,1,TRUE
"11677","lucene","2.2","org.apache.lucene.analysis.WhitespaceTokenizer",2,4,0,2,4,1,1,1,1,2,13,0,0,0.875,0.6666667,1,1,5.5,"1","1","11","0",2,1,FALSE
"11678","lucene","2.2","org.apache.lucene.search.FuzzyQuery$ScoreTermQueue",2,2,0,4,5,1,1,3,1,2,40,0,0,0.9166667,0.6666667,1,3,19,NA,"0",NA,"0",4,2,FALSE
"11679","lucene","2.2","org.apache.lucene.analysis.standard.Token",3,1,0,3,4,3,3,0,3,1.4375,23,0,2,0,0.5,0,0,4,"0","0",NA,"0",2,1,FALSE
"11680","lucene","2.2","org.apache.lucene.search.FilterManager$FilterCleaner",2,1,0,2,15,0,2,2,2,0,109,1,1,0,0.75,0,0,52,NA,"0",NA,"0",5,2.5,FALSE
"11681","lucene","2.2","org.apache.lucene.document.FieldSelector",1,1,0,18,1,0,17,1,1,2,1,0,0,0,1,0,0,0,"3","1","47","0",1,1,FALSE
"11682","lucene","2.2","org.apache.lucene.analysis.Analyzer",3,1,6,13,4,3,12,1,3,2,8,0,0,0,0.6666667,0,0,1.6666666,"2","2","21","0",1,0.6666667,TRUE
"11683","lucene","2.2","org.apache.lucene.search.FieldCacheImpl$4",2,1,0,2,4,1,1,1,1,2,8,0,0,0,0.75,0,0,3,NA,"0",NA,"0",1,0.5,FALSE
"11684","lucene","2.2","org.apache.lucene.search.FieldSortedHitQueue$4",4,1,0,4,5,0,1,3,3,0.33333334,50,1,1,0,0.5833333,0,0,11.25,NA,"0",NA,"0",3,1.25,FALSE
"11685","lucene","2.2","org.apache.lucene.document.SetBasedFieldSelector",2,1,0,2,4,0,0,2,2,0,33,1,0,0,0.6666667,0,0,14.5,"2","1","72","0",3,1.5,FALSE
"11686","lucene","2.2","org.apache.lucene.index.SegmentMerger$1",2,1,0,3,3,1,1,3,1,1,11,1,1,0,0.6666667,0,0,4,NA,"0",NA,"0",1,0.5,FALSE
"11687","lucene","2.2","org.apache.lucene.analysis.standard.StandardTokenizerTokenManager",22,1,0,5,38,153,1,4,7,0.8503401,3785,0.114285715,1,0,0.3809524,0,0,169.45454,"2","1","76","1",236,14.045455,FALSE
"11688","lucene","2.2","org.apache.lucene.queryParser.QueryParser$JJCalls",1,1,0,2,2,0,1,1,0,2,8,0,2,0,1,0,0,3,NA,"0",NA,"0",0,0,FALSE
"11689","lucene","2.2","org.apache.lucene.search.Query",13,1,15,51,39,72,48,7,12,0.8333333,249,1,0,0,0.23076923,0,0,18.076923,"1","1","11","0",9,1.8461539,FALSE
"11690","lucene","2.2","org.apache.lucene.store.FSDirectory",28,2,1,16,89,86,6,10,23,0.84444445,1021,0.8,0,0.39534885,0.2654321,1,7,35.107143,"20","4","929","14",2,1,TRUE
"11691","lucene","2.2","org.apache.lucene.search.function.OrdFieldSource",7,2,0,6,21,0,1,6,5,0.6666667,92,0.6666667,0,0.5,0.375,2,2,11.714286,"1","1","103","0",3,1,TRUE
"11692","lucene","2.2","org.apache.lucene.index.CompoundFileReader$CSIndexInput",6,3,0,3,11,9,1,2,2,0.53333336,77,0,1,0.8666667,0.46666667,2,6,11.333333,NA,"0",NA,"0",1,0.6666667,FALSE
"11693","lucene","2.2","org.apache.lucene.index.ParallelReader",27,2,0,16,84,193,3,16,21,0.82417583,558,1,0,0.6976744,0.16835018,1,9,19.407408,"8","5","179","6",2,1.037037,TRUE
"11694","lucene","2.2","org.apache.lucene.analysis.KeywordTokenizer",3,3,0,3,10,1,1,2,3,0.5,63,1,0,0.8,0.6666667,0,0,19,"1","1","11","0",1,0.33333334,TRUE
"11695","lucene","2.2","org.apache.lucene.index.FieldsWriter",4,1,0,8,39,0,2,6,0,0.8888889,235,0.5,3,0,0.375,0,0,56.25,"2","1","43","2",2,1,TRUE
"11696","lucene","2.2","org.apache.lucene.search.FieldCacheImpl$7",2,2,0,8,17,1,1,8,0,1,78,1,1,0.6666667,0.625,1,1,37.5,NA,"0",NA,"0",1,0.5,FALSE
"11697","lucene","2.2","org.apache.lucene.index.FilterIndexReader$FilterTermPositions",5,2,0,3,10,0,0,3,5,2,31,0,0,0.6666667,0.4,0,0,5.2,NA,"0",NA,"0",1,0.8,FALSE
"11698","lucene","2.2","org.apache.lucene.index.Posting",1,1,0,4,2,0,1,3,0,2,54,0,3,0,1,0,0,48,"0","0",NA,"0",0,0,TRUE
"11699","lucene","2.2","org.apache.lucene.search.ScoreDocComparator",4,1,0,12,6,6,11,3,3,1,15,0,2,0,0.8333333,0,0,2.25,"3","3","38","0",1,0.75,TRUE
"11700","lucene","2.2","org.apache.lucene.search.function.FloatFieldSource",7,3,0,7,22,9,2,6,6,0.7777778,122,0.33333334,1,0.7058824,0.33333334,2,3,16,"1","1","102","0",6,1.7142857,TRUE
"11701","lucene","2.2","org.apache.lucene.search.function.FieldScoreQuery",2,3,0,7,12,1,0,7,1,2,52,0,0,0.94736844,0.8333333,0,0,25,"1","1","127","0",5,2.5,FALSE
"11702","lucene","2.2","org.apache.lucene.search.Similarity",17,1,2,49,26,124,47,4,16,0.875,94,1,1,0,0.175,0,0,4.4117646,"7","4","391","3",1,0.88235295,TRUE
"11703","lucene","2.2","org.apache.lucene.search.FieldCache$ByteParser",1,1,0,5,1,0,5,0,1,2,1,0,0,0,1,0,0,0,NA,"0",NA,"0",1,1,FALSE
"11704","lucene","2.2","org.apache.lucene.util.Parameter",6,1,5,5,18,5,5,0,1,0.6,88,0.5,0,0,0.7,0,0,13.333333,"1","1","11","0",1,0.5,FALSE
"11705","lucene","2.2","org.apache.lucene.search.payloads.BoostingTermQuery$BoostingTermWeight$BoostingSpanScorer",5,3,0,8,24,0,1,8,3,0.5,185,0.8,2,0.7777778,0.34285715,2,6,35,NA,"0",NA,"0",1,0.8,FALSE
"11706","lucene","2.2","org.apache.lucene.queryParser.QueryParser$1",0,1,0,2,0,0,2,0,0,2,0,0,0,0,0,0,0,0,NA,"0",NA,"0",0,0,FALSE
"11707","lucene","2.2","org.apache.lucene.search.FieldSortedHitQueue$3",4,1,0,3,6,0,1,2,3,0.33333334,48,1,0,0,0.5833333,0,0,10.75,NA,"0",NA,"0",3,1.25,FALSE
"11708","lucene","2.2","org.apache.lucene.search.PhraseQuery$PhraseWeight",8,1,0,12,38,0,1,12,8,0.6904762,437,1,2,0,0.29166666,0,0,52.875,NA,"0",NA,"0",1,0.875,FALSE
"11709","lucene","2.2","org.apache.lucene.index.SegmentTermPositionVector",4,2,0,4,5,0,1,3,3,0.6666667,65,0.6666667,1,0.7777778,0.47619048,0,0,14.5,"2","2","13","1",4,2,FALSE
"11710","lucene","2.2","org.apache.lucene.index.Payload",7,1,0,3,12,1,3,0,6,0.2777778,103,1,0,0,0.61904764,0,0,13.285714,"3","1","133","0",3,1,TRUE
"11711","lucene","2.2","org.apache.lucene.analysis.standard.StandardTokenizer",15,3,0,9,29,15,1,8,11,0.6,524,0.7,3,0.26666668,0.2857143,1,1,33.266666,"0","0",NA,"0",10,1.7333333,TRUE
"11712","lucene","2.2","org.apache.lucene.analysis.Token",13,1,0,15,22,24,14,1,13,0.75,177,0.16666667,1,0,0.3846154,1,1,12.153846,"5","3","126","2",3,1.0769231,TRUE
"11713","lucene","2.2","org.apache.lucene.store.FSDirectory$FSIndexInput",8,3,0,3,18,6,1,2,5,0.5714286,119,0.5,1,0.8125,0.35,2,8,13.625,NA,"0",NA,"0",1,0.75,FALSE
"11714","lucene","2.2","org.apache.lucene.analysis.StopFilter",7,3,0,5,13,15,2,3,7,0.33333334,106,1,0,0.5714286,0.51428574,0,0,13.857142,"1","1","11","0",3,0.71428573,TRUE
"11715","lucene","2.2","org.apache.lucene.search.MultiSearcher$CachedDfSource",12,2,0,14,22,62,1,13,12,0.8636364,107,1,0,0.6666667,0.22916667,1,3,7.75,NA,"0",NA,"0",2,1,FALSE
"11716","lucene","2.2","org.apache.lucene.store.Lock",6,1,4,15,17,13,14,1,5,0.9,89,0.5,0,0,0.6,0,0,13.5,"3","2","44","2",1,0.6666667,TRUE
"11717","lucene","2.2","org.apache.lucene.index.FieldInfo",1,1,0,8,2,0,8,0,0,2,36,0,0,0,1,0,0,27,"2","2","17","1",0,0,TRUE
"11718","lucene","2.2","org.apache.lucene.analysis.ISOLatin1AccentFilter",3,3,0,3,13,3,0,3,3,2,170,0,0,0.6666667,0.44444445,0,0,55.666668,"2","1","18","1",3,1.3333334,TRUE
"11719","lucene","2.2","org.apache.lucene.search.SortComparator$1",4,1,0,3,6,0,1,3,3,0.6666667,35,1,1,0,0.5,0,0,7.25,NA,"0",NA,"0",1,0.75,FALSE
"11720","lucene","2.2","org.apache.lucene.search.BooleanScorer2$1",2,3,0,3,6,0,2,3,1,0,36,1,1,0.94736844,0.625,2,4,16,NA,"0",NA,"0",1,0.5,FALSE
"11721","lucene","2.2","org.apache.lucene.search.PhraseQueue",2,2,0,5,4,1,3,2,0,2,51,0,0,0.9166667,0.6666667,1,3,24.5,"2","2","18","1",6,3,FALSE
"11722","lucene","2.2","org.apache.lucene.analysis.TokenStream",4,1,2,24,5,6,23,1,4,2,9,0,0,0,1,0,0,1.25,"2","2","20","1",1,0.75,TRUE
"11723","lucene","2.2","org.apache.lucene.index.TermDocs",8,1,0,27,8,28,25,2,8,2,8,0,0,0,0.3,0,0,0,"1","1","11","0",1,1,FALSE
"11724","lucene","2.2","org.apache.lucene.search.payloads.BoostingTermQuery$BoostingTermWeight",2,2,0,11,7,1,2,11,2,1,29,1,1,0.85714287,0.625,1,1,13,NA,"0",NA,"0",1,0.5,FALSE
"11725","lucene","2.2","org.apache.lucene.store.RAMInputStream",8,2,0,3,13,0,1,2,7,0.5,204,0.875,1,0.6666667,0.3,1,4,23.5,"4","3","105","2",2,1,TRUE
"11726","lucene","2.2","org.apache.lucene.search.ExactPhraseScorer",2,3,0,8,9,1,2,6,0,2,64,0,0,0.95238096,0.5833333,1,1,31,"2","2","28","1",1,0.5,FALSE
"11727","lucene","2.2","org.apache.lucene.util.ScorerDocQueue",16,1,0,3,24,0,2,2,12,0.38333333,361,1,2,0,0.328125,0,0,21.3125,"2","1","225","0",7,1.75,FALSE
"11728","lucene","2.2","org.apache.lucene.store.IndexOutput",15,1,2,19,18,105,19,0,15,2,196,0,0,0,0.31111112,0,0,12.066667,"2","2","23","1",1,0.93333334,TRUE
"11729","lucene","2.2","org.apache.lucene.index.SegmentMergeInfo",5,1,0,7,14,0,3,4,0,0.75,108,0.33333334,4,0,0.4,0,0,19.4,"1","1","11","0",5,1.6,FALSE
"11730","lucene","2.2","org.apache.lucene.index.IndexDeletionPolicy",2,1,0,5,2,1,5,0,2,2,2,0,0,0,1,0,0,0,"2","2","127","0",1,1,TRUE
"11731","lucene","2.2","org.apache.lucene.search.BooleanScorer$Bucket",1,1,0,3,2,0,3,0,0,2,12,0,1,0,1,0,0,6,NA,"0",NA,"0",0,0,FALSE
"11732","lucene","2.2","org.apache.lucene.search.FieldCacheImpl$5",2,2,0,8,17,1,1,8,0,1,78,1,1,0.6666667,0.625,1,1,37.5,NA,"0",NA,"0",1,0.5,FALSE
"11733","lucene","2.2","org.apache.lucene.store.NoLock",5,2,0,2,6,10,1,1,4,2,15,0,0,0.5,1,1,1,2,"0","0",NA,"0",1,0.8,FALSE
"11734","lucene","2.2","org.apache.lucene.search.FieldSortedHitQueue$1",2,2,0,6,14,1,1,6,0,2,71,0,0,0.6666667,0.6666667,1,1,34.5,NA,"0",NA,"0",1,0.5,FALSE
"11735","lucene","2.2","org.apache.lucene.store.SingleInstanceLock",5,2,0,2,12,0,1,1,5,0.125,82,0.5,0,0.5,0.46666667,1,1,15,"0","0",NA,"0",1,0.8,FALSE
"11736","lucene","2.2","org.apache.lucene.search.function.FieldScoreQuery$Type",3,1,0,1,9,1,1,0,1,0.8,49,0.2,4,0,0.75,0,0,13.666667,NA,"0",NA,"0",1,0.33333334,FALSE
"11737","lucene","2.2","org.apache.lucene.index.MultipleTermPositions$1",0,1,0,2,0,0,2,0,0,2,0,0,0,0,0,0,0,0,NA,"0",NA,"0",0,0,FALSE
"11738","lucene","2.2","org.apache.lucene.search.QueryWrapperFilter",5,2,0,7,17,0,2,6,5,0,62,1,1,0.2,0.4,1,1,11.2,"1","1","71","0",2,1,TRUE
"11739","lucene","2.2","org.apache.lucene.search.BooleanClause$Occur",3,2,0,12,4,1,11,1,1,0.6666667,38,0,3,0.75,0.75,0,0,10.666667,NA,"0",NA,"0",3,1,FALSE
"11740","lucene","2.2","org.apache.lucene.search.MultiSearcher",16,2,1,22,53,0,2,21,14,0.46666667,577,1,1,0.5945946,0.23125,1,5,34.875,"4","4","41","3",6,1.25,FALSE
"11741","lucene","2.2","org.apache.lucene.index.IndexWriter$Num",3,1,0,1,4,0,1,0,0,0,17,1,0,0,0.8333333,0,0,4.3333335,NA,"0",NA,"0",1,0.6666667,FALSE
"11742","lucene","2.2","org.apache.lucene.search.function.IntFieldSource$1",5,2,0,2,12,0,1,2,3,0.375,46,1,1,0.75,0.55,1,6,7.8,NA,"0",NA,"0",1,0.8,FALSE
"11743","lucene","2.2","org.apache.lucene.search.QueryTermVector",10,1,0,4,37,0,0,4,9,0.3888889,280,1,0,0,0.34,0,0,26.8,"1","1","11","0",5,1.6,TRUE
"11744","lucene","2.2","org.apache.lucene.search.WildcardTermEnum",6,3,0,5,20,5,1,4,5,0.825,247,0,1,0.7222222,0.33333334,1,4,38.833332,"1","1","11","0",16,3.6666667,FALSE
"11745","lucene","2.2","org.apache.lucene.index.SegmentInfos$2",2,2,0,5,16,1,1,5,0,2,68,0,0,0.6666667,0.6666667,0,0,33,NA,"0",NA,"0",1,0.5,FALSE
"11746","lucene","2.2","org.apache.lucene.index.FilterIndexReader",24,2,0,11,50,0,0,11,19,0,171,1,1,0.72289157,0.19907407,1,8,6.0833335,"6","4","115","4",1,0.9583333,TRUE
"11747","lucene","2.2","org.apache.lucene.index.IndexReader$2",2,2,0,3,5,1,1,2,1,2,14,0,0,0.6666667,0.6666667,0,0,6,NA,"0",NA,"0",1,0.5,FALSE
"11748","lucene","2.2","org.apache.lucene.index.TermVectorsWriter",15,1,0,13,54,41,2,11,10,0.8047619,675,0.53333336,5,0,0.23703703,0,0,43,"2","2","15","0",3,1.2,TRUE
"11749","lucene","2.2","org.apache.lucene.search.MultiSearcherThread",6,2,0,12,12,1,1,11,6,0.64,173,1,6,0.92156863,0.35,0,0,26.166666,"0","0",NA,"0",6,1.5,FALSE
"11750","lucene","2.2","org.apache.lucene.index.DocumentWriter",11,1,0,20,102,1,1,20,0,0.73333335,1192,1,5,0,0.22727273,0,0,106,"10","6","441","6",10,2.3636363,FALSE
"11751","lucene","2.2","org.apache.lucene.index.TermPositionVector",2,1,0,4,2,1,2,2,2,2,2,0,0,0,1,0,0,0,"1","1","11","0",1,1,FALSE
"11752","lucene","2.2","org.apache.lucene.index.SegmentInfos$FindSegmentsFile",4,1,5,10,26,2,5,5,3,0.6666667,395,0,1,0,0.4375,0,0,97.25,NA,"0",NA,"0",1,0.5,FALSE
"11753","lucene","2.2","org.apache.lucene.queryParser.MultiFieldQueryParser",11,2,0,9,31,23,0,9,5,0.55,410,1,0,0.8695652,0.3131313,1,5,36.090908,"3","2","73","1",1,0.8181818,TRUE
"11754","lucene","2.2","org.apache.lucene.search.FieldCacheImpl$2",2,1,0,2,4,1,1,1,1,2,8,0,0,0,0.75,0,0,3,NA,"0",NA,"0",1,0.5,FALSE
"11755","lucene","2.2","org.apache.lucene.document.FieldSelectorResult",4,1,0,7,6,0,7,0,2,0.875,83,0.125,7,0,0.5555556,1,1,17.75,"7","3","132","0",5,1.5,FALSE
"11756","lucene","2.2","org.apache.lucene.store.SingleInstanceLockFactory",3,2,0,4,8,0,1,3,3,0,43,1,0,0.6666667,0.8333333,0,0,13,"3","2","100","0",1,0.6666667,TRUE
"11757","lucene","2.2","org.apache.lucene.search.spans.NearSpansOrdered$1",2,1,0,2,4,1,1,2,1,1,17,1,1,0,0.6666667,0,0,7,NA,"0",NA,"0",1,0.5,FALSE
"11758","lucene","2.2","org.apache.lucene.search.spans.NearSpansUnordered$SpansCell",10,1,0,3,26,0,2,2,7,0.6666667,139,1,3,0,0.25,0,0,12.4,NA,"0",NA,"0",7,1.5,FALSE
"11759","lucene","2.2","org.apache.lucene.analysis.PorterStemmer",27,1,0,1,43,13,1,0,13,0.60096157,1174,1,0,0,0.25308642,0,0,42.185184,"1","1","11","0",26,5.740741,TRUE
"11760","lucene","2.2","org.apache.lucene.document.Document",17,1,0,24,39,0,22,2,17,0.5,415,0.5,0,0,0.42647058,0,0,23.294117,"4","3","131","1",5,2.5882354,TRUE
"11761","lucene","2.2","org.apache.lucene.index.IndexFileDeleter$1",0,1,0,2,0,0,2,0,0,2,0,0,0,0,0,0,0,0,NA,"0",NA,"0",0,0,FALSE
"11762","lucene","2.2","org.apache.lucene.search.FuzzyQuery$ScoreTerm",1,1,0,3,2,0,2,1,1,2,12,0,1,0,1,0,0,9,NA,"0",NA,"0",0,0,FALSE
"11763","lucene","2.2","org.apache.lucene.search.spans.SpanOrQuery",11,3,0,8,42,0,3,6,10,0.45,286,1,0,0.61538464,0.22077923,2,2,24.818182,"3","2","88","1",7,1.7272727,FALSE
"11764","lucene","2.2","org.apache.lucene.store.SimpleFSLockFactory",6,2,0,4,17,3,1,3,4,0.2,102,1,0,0.5714286,0.6111111,0,0,15.833333,"6","2","238","0",2,0.6666667,TRUE
"11765","lucene","2.2","org.apache.lucene.search.TopDocCollector",5,2,1,7,13,0,2,5,4,0.4375,110,0.5,1,0.25,0.5,0,0,20.2,"1","1","11","0",4,1.6,TRUE
"11766","lucene","2.2","org.apache.lucene.index.SegmentInfos$1",2,2,0,4,4,0,1,4,0,0,18,1,1,0.6666667,0.625,0,0,7.5,NA,"0",NA,"0",1,0.5,FALSE
"11767","lucene","2.2","org.apache.lucene.index.CompoundFileReader$1",0,1,0,2,0,0,2,0,0,2,0,0,0,0,0,0,0,0,NA,"0",NA,"0",0,0,FALSE
"11768","lucene","2.2","org.apache.lucene.index.MultipleTermPositions",13,1,0,8,36,58,1,7,13,0.7916667,191,1,2,0,0.20192307,0,0,13.384615,"3","3","42","2",1,0.9230769,TRUE
"11769","lucene","2.2","org.apache.lucene.index.SegmentReader$Norm",12,1,0,5,22,40,1,5,2,0.8051948,116,1,2,0,0.19444445,0,0,8.083333,NA,"0",NA,"0",1,0.9166667,FALSE
"11770","lucene","2.2","org.apache.lucene.search.HitQueue",2,2,0,6,4,1,4,2,0,2,39,0,0,0.9166667,0.6666667,1,3,18.5,"1","1","11","0",4,2,FALSE
"11771","lucene","2.2","org.apache.lucene.index.DefaultSkipListReader",8,2,0,3,15,0,1,2,0,0.5714286,158,1,0,0.5625,0.425,1,3,17.875,"2","1","116","0",1,0.875,FALSE
"11772","lucene","2.2","org.apache.lucene.search.ComplexExplanation",6,2,0,10,18,9,9,1,5,0.2,65,1,0,0.73333335,0.33333334,1,1,9.666667,"2","2","80","0",3,1.1666666,TRUE
"11773","lucene","2.2","org.apache.lucene.search.FieldCache$StringIndex",1,1,0,8,2,0,8,0,1,2,12,0,0,0,1,0,0,9,NA,"0",NA,"0",0,0,FALSE
"11774","lucene","2.2","org.apache.lucene.search.function.ValueSourceQuery$1",0,1,0,2,0,0,2,0,0,2,0,0,0,0,0,0,0,0,NA,"0",NA,"0",0,0,FALSE
"11775","lucene","2.2","org.apache.lucene.index.Term",12,1,0,71,21,0,71,0,9,0.13636364,138,0,0,0,0.29166666,1,1,10.333333,"4","2","21","1",6,1.3333334,TRUE
"11776","lucene","2.2","org.apache.lucene.index.TermInfo",5,1,0,8,6,0,8,0,0,0.125,100,0,0,0,0.55,0,0,18.2,"1","1","11","0",1,0.4,FALSE
"11777","lucene","2.2","org.apache.lucene.analysis.LetterTokenizer",2,4,1,2,4,1,1,1,1,2,9,0,0,0.875,0.6666667,1,1,3.5,"1","1","11","0",1,0.5,FALSE
"11778","lucene","2.2","org.apache.lucene.search.spans.SpanOrQuery$SpanQueue",2,2,0,4,7,1,1,3,1,1,55,1,1,0.9166667,0.625,1,3,26,NA,"0",NA,"0",6,3,FALSE
"11779","lucene","2.2","org.apache.lucene.analysis.LengthFilter",2,3,0,3,6,0,0,3,2,0,41,0,0,0.8,0.6666667,0,0,18.5,"1","1","11","0",1,0.5,TRUE
"11780","lucene","2.2","org.apache.lucene.search.FieldCacheImpl$6",2,2,0,8,17,1,1,8,0,1,78,1,1,0.6666667,0.625,1,1,37.5,NA,"0",NA,"0",1,0.5,FALSE
"11781","lucene","2.2","org.apache.lucene.index.TermBuffer",11,1,0,4,25,0,1,3,6,0.52,241,1,1,0,0.24285714,0,0,20.454546,"1","1","11","0",3,1.4545455,FALSE
"11782","lucene","2.2","org.apache.lucene.search.FieldCacheImpl$Cache",3,1,9,13,9,1,11,2,1,0.5,111,1,0,0,0.7777778,0,0,35.666668,NA,"0",NA,"0",1,0.6666667,FALSE
"11783","lucene","2.2","org.apache.lucene.search.function.ReverseOrdFieldSource$1",6,2,0,2,13,1,1,2,4,0.33333334,62,1,1,0.7058824,0.5416667,1,6,8.833333,NA,"0",NA,"0",1,0.8333333,FALSE
"11784","lucene","2.2","org.apache.lucene.index.CorruptIndexException",1,4,0,28,2,0,28,0,1,2,5,0,0,1,1,0,0,4,"1","1","30","0",0,0,FALSE
"11785","lucene","2.2","org.apache.lucene.search.ConstantScoreQuery$ConstantScorer",6,2,0,8,11,1,1,7,6,0.7,69,0.25,1,0.61538464,0.33333334,1,3,9.833333,NA,"0",NA,"0",1,0.8333333,FALSE
"11786","lucene","2.2","org.apache.lucene.util.PriorityQueue",12,1,9,12,13,0,12,0,8,0.45454547,275,1,0,0,0.44444445,0,0,21.666666,"1","1","11","0",7,2.0833333,TRUE
"11787","lucene","2.2","org.apache.lucene.search.spans.Spans",5,1,0,20,5,10,20,0,5,2,5,0,0,0,0.6,0,0,0,"1","1","11","0",1,1,FALSE
"11788","lucene","2.2","org.apache.lucene.queryParser.Token",3,1,0,4,4,3,4,0,3,1.4375,23,0,2,0,0.5,0,0,4,"0","0",NA,"0",2,1,TRUE
"11789","lucene","2.2","org.apache.lucene.search.function.ByteFieldSource",7,3,0,7,22,9,2,6,6,0.7777778,122,0.33333334,1,0.7058824,0.33333334,2,3,16,"1","1","105","0",6,1.7142857,TRUE
"11790","lucene","2.2","org.apache.lucene.analysis.TokenFilter",2,2,7,8,4,0,7,1,1,0,13,1,1,0.75,0.75,0,0,5,"2","2","13","0",1,0.5,TRUE
"11791","lucene","2.2","org.apache.lucene.analysis.standard.FastCharStream",14,1,0,2,25,3,1,1,13,0.6025641,237,0,0,0,0.4047619,0,0,15.5,"1","1","11","0",1,0.9285714,FALSE
"11792","lucene","2.2","org.apache.lucene.index.IndexReader",62,1,4,118,125,1757,93,27,46,0.8777943,815,1,5,0,0.10282258,0,0,11.967742,"19","6","761","11",11,1.2258065,TRUE
"11793","lucene","2.2","org.apache.lucene.search.QueryWrapperFilter$1",2,2,0,2,4,0,1,2,1,0.5,18,1,1,0.5,0.6,0,0,7,NA,"0",NA,"0",1,0.5,FALSE
"11794","lucene","2.2","org.apache.lucene.search.ConstantScoreRangeQuery",10,2,0,6,24,0,1,5,10,0.44444445,313,1,0,0.5714286,0.3,2,3,29.8,"1","1","11","0",13,3.1,TRUE
"11795","lucene","2.2","org.apache.lucene.search.function.CustomScoreQuery$1",0,1,0,2,0,0,2,0,0,2,0,0,0,0,0,0,0,0,NA,"0",NA,"0",0,0,FALSE
"11796","lucene","2.2","org.apache.lucene.index.IndexFileNames",3,1,0,5,8,3,5,0,0,1.3333334,205,0,0,0,0.5,0,0,63.333332,"7","4","91","2",3,1,TRUE
"11797","lucene","2.2","org.apache.lucene.search.DisjunctionMaxScorer",11,2,0,4,25,0,1,3,7,0.625,447,1,0,0.44444445,0.28787878,1,3,39.272728,"2","2","8","2",6,1.5454545,TRUE
"11798","lucene","2.2","org.apache.lucene.search.FieldSortedHitQueue$2",4,1,0,3,6,0,1,2,3,0.33333334,46,1,0,0,0.5833333,0,0,10.25,NA,"0",NA,"0",3,1.25,FALSE
"11799","lucene","2.2","org.apache.lucene.search.IdGenerator",2,1,0,2,2,1,1,1,2,2,2,0,0,0,0.6666667,0,0,0,"0","0",NA,"0",1,1,FALSE
"11800","lucene","2.2","org.apache.lucene.index.MultiTermEnum",5,2,0,6,20,0,1,5,5,0.5,141,1,2,0.5555556,0.4,1,2,26.6,"0","0",NA,"0",1,0.8,FALSE
"11801","lucene","2.2","org.apache.lucene.index.CompoundFileReader$FileEntry",2,1,0,2,3,1,1,1,0,2,10,0,0,0,0.75,0,0,3,NA,"0",NA,"0",0,0,FALSE
"11802","lucene","2.2","org.apache.lucene.search.WildcardQuery",4,3,0,8,12,4,1,7,3,0.6666667,55,1,0,0.85714287,0.5,1,1,12.5,"2","2","22","1",2,1,FALSE
"11803","lucene","2.2","org.apache.lucene.search.DisjunctionSumScorer",12,2,1,7,37,0,2,5,9,0.45454547,357,1,1,0.44444445,0.41666666,1,3,28.083334,"2","1","158","1",1,0.8333333,FALSE
"11804","lucene","2.2","org.apache.lucene.util.StringHelper",2,1,0,2,5,1,2,0,1,2,36,0,0,0,0.5,0,0,17,"1","1","11","0",4,2,FALSE
"11805","lucene","2.2","org.apache.lucene.analysis.PorterStemFilter",2,3,0,4,6,0,0,4,2,0,35,1,1,0.8,0.75,0,0,16,"1","1","11","0",1,0.5,TRUE
"11806","lucene","2.2","org.apache.lucene.search.TopFieldDocCollector",3,3,0,11,13,1,1,10,3,2,70,0,0,0.6666667,0.53333336,1,3,22.333334,"1","1","11","0",2,1.3333334,TRUE
"11807","lucene","2.2","org.apache.lucene.queryParser.FastCharStream",14,1,0,2,25,3,1,1,13,0.6025641,237,0,0,0,0.4047619,0,0,15.5,"1","1","11","0",1,0.9285714,FALSE
"11808","lucene","2.2","org.apache.lucene.search.spans.SpanNotQuery$1",7,1,0,4,20,0,1,4,6,0.6666667,227,1,4,0,0.35714287,0,0,30.571428,NA,"0",NA,"0",1,0.85714287,FALSE
"11809","lucene","2.2","org.apache.lucene.search.FilterManager$FilterItem",1,1,0,3,4,0,2,2,1,2,19,0.33333334,2,0,1,0,0,15,NA,"0",NA,"0",0,0,FALSE
"11810","lucene","2.2","org.apache.lucene.search.spans.SpanNotQuery",13,3,0,6,31,0,1,6,11,0.375,218,1,2,0.5714286,0.20879121,2,2,15.615385,"1","1","11","0",6,1.3076923,FALSE
"11811","lucene","2.2","org.apache.lucene.search.FilterManager$FilterCleaner$1",2,1,0,3,5,1,1,3,1,1,52,1,2,0,0.625,0,0,24,NA,"0",NA,"0",5,2.5,FALSE
"11812","lucene","2.2","org.apache.lucene.search.ScoreDoc",1,1,1,19,2,0,19,0,1,2,12,0,0,0,1,0,0,9,"1","1","11","0",0,0,FALSE
"11813","lucene","2.2","org.apache.lucene.search.spans.SpanTermQuery",9,3,1,8,27,0,1,7,9,0,116,1,1,0.6666667,0.25925925,2,2,11.777778,"2","2","80","1",4,1.3333334,FALSE
"11814","lucene","2.2","org.apache.lucene.store.Lock$With",3,1,0,2,6,1,0,2,2,0.5,40,1,1,0,0.5555556,0,0,11.666667,NA,"0",NA,"0",1,0.6666667,FALSE
"11815","lucene","2.2","org.apache.lucene.search.FieldCacheImpl$1",2,1,0,2,4,1,1,1,1,2,8,0,0,0,0.75,0,0,3,NA,"0",NA,"0",1,0.5,FALSE
"11816","lucene","2.2","org.apache.lucene.analysis.standard.TokenMgrError",6,3,0,1,19,15,1,0,4,1.12,184,0,0,0.8125,0.5,1,1,28.833334,"0","0",NA,"0",14,2.8333333,FALSE
"11817","lucene","2.2","org.apache.lucene.search.QueryFilter",3,3,0,4,7,3,0,4,3,2,20,0,0,0.71428573,0.5555556,2,3,5.6666665,"3","3","69","2",1,0.6666667,FALSE
"11818","lucene","2.2","org.apache.lucene.search.function.ValueSource",6,1,3,8,7,15,6,2,6,2,12,0,0,0,0.44444445,1,1,1,"1","1","74","0",1,0.8333333,TRUE
"11819","lucene","2.2","org.apache.lucene.index.SegmentMerger",16,1,0,25,99,0,3,24,0,0.69166666,1172,0.9375,8,0,0.2,0,0,71.25,"10","5","282","8",1,0.8125,TRUE
"11820","lucene","2.2","org.apache.lucene.search.spans.SpanFirstQuery$1",7,1,0,4,20,0,1,4,6,0.5555556,85,1,3,0,0.35714287,0,0,10.714286,NA,"0",NA,"0",1,0.85714287,FALSE
"11821","lucene","2.2","org.apache.lucene.search.spans.SpanNearQuery",12,3,0,8,47,0,2,8,12,0.59090906,353,1,0,0.5925926,0.20833333,2,2,28.083334,"2","2","15","1",7,1.75,FALSE
"11822","lucene","2.2","org.apache.lucene.analysis.StopAnalyzer",7,2,0,6,13,0,1,5,6,0.5,189,0.5,0,0.6666667,0.33333334,0,0,25.714285,"2","2","15","0",1,0.14285715,FALSE
"11823","lucene","2.2","org.apache.lucene.search.BooleanQuery$TooManyClauses",2,4,0,2,8,1,2,1,2,2,14,0,0,0.9285714,1,1,1,6,NA,"0",NA,"0",1,0.5,FALSE
"11824","lucene","2.2","org.apache.lucene.search.FuzzyTermEnum",14,3,0,5,29,53,1,4,6,0.6923077,514,1,1,0.5416667,0.33333334,1,4,34.92857,"1","1","11","0",14,2.2857144,FALSE
"11825","lucene","2.2","org.apache.lucene.search.ConstantScoreQuery$ConstantWeight",7,1,0,11,23,0,1,11,7,0.5833333,139,1,2,0,0.30952382,0,0,18.285715,NA,"0",NA,"0",1,0.85714287,FALSE
"11826","lucene","2.2","org.apache.lucene.analysis.WhitespaceAnalyzer",2,2,0,3,4,1,0,3,2,2,10,0,0,0.6666667,0.6666667,0,0,4,"1","1","11","0",1,0.5,FALSE
"11827","lucene","2.2","org.apache.lucene.search.FieldCache$IntParser",1,1,0,5,1,0,5,0,1,2,1,0,0,0,1,0,0,0,NA,"0",NA,"0",1,1,FALSE
"11828","lucene","2.2","org.apache.lucene.search.CachingWrapperFilter",5,2,1,3,16,0,1,2,5,0.5,102,1,1,0.2,0.4,1,1,19,"4","2","25","3",2,1,TRUE
"11829","lucene","2.2","org.apache.lucene.index.MultiTermDocs",11,1,1,6,21,1,2,4,9,0.51428574,258,1,4,0,0.24675325,0,0,21.818182,"0","0",NA,"0",1,0.90909094,FALSE
"11830","lucene","2.2","org.apache.lucene.search.Searchable",11,1,0,18,11,55,6,12,11,2,11,0,0,0,0.26363635,0,0,0,"3","3","40","2",1,1,TRUE
"11831","lucene","2.2","org.apache.lucene.index.IndexWriter",80,1,0,23,171,1344,4,22,52,0.84317863,2846,0.7222222,10,0,0.1005996,0,0,34.125,"34","7","3259","22",4,0.9875,TRUE
"11832","lucene","2.2","org.apache.lucene.util.SmallFloat",7,1,0,1,10,21,1,0,7,2,155,0,0,0,0.32142857,0,0,21.142857,"0","0",NA,"0",4,2.5714285,TRUE
"11833","lucene","2.2","org.apache.lucene.analysis.standard.StandardFilter",3,3,0,5,17,1,1,4,2,0.5,98,1,0,0.8,0.75,0,0,31,"1","1","11","0",1,0.33333334,TRUE
"11834","lucene","2.2","org.apache.lucene.search.FieldCacheImpl$12",2,2,0,8,17,1,1,8,0,1,78,1,1,0.6666667,0.625,1,1,37.5,NA,"0",NA,"0",1,0.5,FALSE
"11835","lucene","2.2","org.apache.lucene.search.function.ByteFieldSource$1",5,2,0,2,12,0,1,2,3,0.375,46,1,1,0.75,0.55,1,6,7.8,NA,"0",NA,"0",1,0.8,FALSE
"11836","lucene","2.2","org.apache.lucene.index.FilterIndexReader$FilterTermEnum",5,2,0,2,10,0,0,2,5,0,28,1,1,0.5555556,0.6,1,2,4.4,NA,"0",NA,"0",1,0.8,FALSE
"11837","lucene","2.2","org.apache.lucene.index.IndexFileDeleter",16,1,0,11,68,8,3,9,4,0.68333334,814,1,2,0,0.2361111,0,0,49.375,"8","3","1020","0",2,1,TRUE
"11838","lucene","2.2","org.apache.lucene.search.FilteredQuery$1$1",6,2,0,5,23,0,1,5,5,0.33333334,132,1,2,0.61538464,0.33333334,1,3,20.5,NA,"0",NA,"0",1,0.8333333,FALSE
"11839","lucene","2.2","org.apache.lucene.search.PrefixFilter",4,2,0,4,13,0,1,4,4,0,52,1,1,0.25,0.5,0,0,11.75,"3","2","108","0",1,0.75,TRUE
"11840","lucene","2.2","org.apache.lucene.search.MultiTermQuery",7,2,2,10,27,1,2,8,6,0.33333334,134,1,1,0.6666667,0.34285715,2,3,18,"1","1","11","0",5,1.5714285,FALSE
"11841","lucene","2.2","org.apache.lucene.search.TermScorer",9,2,0,10,31,0,1,9,7,0.54545456,409,1,2,0.5,0.2857143,1,3,43.22222,"2","2","22","0",2,1,FALSE
"11842","lucene","2.2","org.apache.lucene.search.function.CustomScoreQuery",17,2,0,9,43,48,2,8,13,0.5625,263,1,2,0.44444445,0.13574661,2,4,14.294118,"1","1","344","0",7,1.6470588,TRUE
"11843","lucene","2.2","org.apache.lucene.search.FieldCacheImpl",14,1,0,22,29,67,9,22,12,0.8974359,199,0.33333334,12,0,0.40384614,0,0,12.357142,"5","4","335","2",1,0.85714287,TRUE
"11844","lucene","2.2","org.apache.lucene.LucenePackage",3,1,0,0,8,3,0,0,1,1,27,0,0,0,0.33333334,0,0,7.6666665,"1","1","11","0",2,1,FALSE
"11845","lucene","2.2","org.apache.lucene.document.Field",11,2,0,8,21,0,2,6,11,2,392,0,0,0.8,0.35227272,1,4,34.636364,"6","5","303","1",2,0.72727275,TRUE
"11846","lucene","2.2","org.apache.lucene.queryParser.QueryParserTokenManager",36,1,0,5,52,282,1,4,7,0.72030073,3060,0.21052632,1,0,0.40571427,0,0,83.47222,"6","4","1091","4",112,7.638889,TRUE
"11847","lucene","2.2","org.apache.lucene.store.BufferedIndexOutput",10,2,1,2,12,17,1,1,8,0.5555556,185,0.75,0,0.6086956,0.36,1,3,17.1,"3","3","37","2",1,0.9,FALSE
"11848","lucene","2.2","org.apache.lucene.search.function.ReverseOrdFieldSource",7,2,0,6,21,0,1,6,5,0.6666667,99,0.33333334,0,0.5,0.375,2,2,12.714286,"1","1","112","0",3,1,TRUE
"11849","lucene","2.2","org.apache.lucene.search.BooleanScorer",12,2,0,8,29,26,1,7,7,0.6090909,461,1,3,0.44444445,0.30555555,1,3,36.583332,"3","2","42","1",2,1.0833334,FALSE
"11850","lucene","2.2","org.apache.lucene.search.function.CustomScoreQuery$CustomWeight",7,1,0,11,20,0,2,11,7,0.4,143,0.2,4,0,0.30952382,0,0,18.714285,NA,"0",NA,"0",3,1.1428572,FALSE
"11851","lucene","2.2","org.apache.lucene.document.DateTools",8,1,0,2,27,18,1,1,6,0.42857143,567,1,0,0,0.31428573,0,0,68.875,"2","2","120","0",8,2.5,TRUE
"11852","lucene","2.2","org.apache.lucene.index.SegmentMergeQueue",3,2,0,5,9,3,2,3,0,2,47,0,0,0.84615386,0.5555556,1,3,14.666667,"1","1","11","0",4,1.6666666,FALSE
"11853","lucene","2.2","org.apache.lucene.search.HitCollector",2,1,6,22,3,1,22,0,2,2,5,0,0,0,0.6666667,0,0,1.5,"1","1","11","0",1,0.5,FALSE
"11854","lucene","2.2","org.apache.lucene.search.ParallelMultiSearcher",6,3,0,16,33,3,1,16,6,0.4,297,1,1,0.88095236,0.35185185,2,3,48.166668,"1","1","11","0",1,0.8333333,TRUE
"11855","lucene","2.2","org.apache.lucene.analysis.KeywordAnalyzer",2,2,0,3,4,1,0,3,2,2,10,0,0,0.6666667,0.6666667,0,0,4,"1","1","11","0",1,0.5,TRUE
"11856","lucene","2.2","org.apache.lucene.store.BufferedIndexInput",15,2,2,4,30,21,3,1,9,0.70535713,438,0.625,0,0.53846157,0.32857144,1,4,27.666666,"6","3","147","3",7,1.2666667,TRUE
"11857","lucene","2.2","org.apache.lucene.index.TermInfosReader",17,1,0,9,35,72,2,7,4,0.65,474,1,6,0,0.3137255,0,0,26.294117,"7","4","51","4",4,1.117647,TRUE
"11858","lucene","2.2","org.apache.lucene.search.RemoteCachingWrapperFilter",2,2,0,3,6,0,0,3,2,0,18,1,1,0.5,0.6666667,0,0,7.5,"1","1","58","0",1,0.5,TRUE
"11859","lucene","2.2","org.apache.lucene.search.spans.NearSpansUnordered",19,1,0,6,48,71,3,6,7,0.75,468,1,5,0,0.21052632,0,0,23.105263,"2","2","261","0",3,1.3157895,TRUE
"11860","lucene","2.2","org.apache.lucene.search.BooleanScorer$SubScorer",1,1,0,3,3,0,1,2,1,2,39,0,3,0,1,0,0,32,NA,"0",NA,"0",0,0,FALSE
"11861","lucene","2.2","org.apache.lucene.search.MultiPhraseQuery$MultiPhraseWeight",7,1,0,14,47,0,1,14,7,0.6666667,400,1,2,0,0.30952382,0,0,55.285713,NA,"0",NA,"0",1,0.85714287,FALSE
"11862","lucene","2.2","org.apache.lucene.store.MMapDirectory$1",0,1,0,2,0,0,2,0,0,2,0,0,0,0,0,0,0,0,NA,"0",NA,"0",0,0,FALSE
"11863","lucene","2.2","org.apache.lucene.index.IndexReader$3",2,2,0,3,5,0,1,2,1,0,18,1,1,0.6666667,0.6666667,0,0,7.5,NA,"0",NA,"0",1,0.5,FALSE
"11864","lucene","2.2","org.apache.lucene.document.MapFieldSelector",4,1,0,2,10,0,0,2,4,0,83,0,0,0,0.4,0,0,19.5,"3","2","81","0",2,0.5,TRUE
"11865","lucene","2.2","org.apache.lucene.search.HitDoc",1,1,0,2,2,0,1,1,0,2,18,0,3,0,1,0,0,12,"0","0",NA,"0",0,0,FALSE
"11866","lucene","2.2","org.apache.lucene.search.Filter",2,1,5,25,3,1,24,1,2,2,5,0,0,0,0.75,0,0,1.5,"1","1","11","0",1,0.5,TRUE
"11867","lucene","2.2","org.apache.lucene.document.Field$TermVector",2,2,0,5,3,1,4,1,0,1,37,0,5,1,1,0,0,15,NA,"0",NA,"0",0,0,FALSE
"11868","lucene","2.2","org.apache.lucene.search.ConstantScoreQuery",8,2,0,8,19,8,3,6,7,0.42857143,93,1,1,0.6315789,0.25,2,3,10.5,"3","2","20","1",5,1.5,TRUE
"11869","lucene","2.2","org.apache.lucene.analysis.Tokenizer",3,2,3,4,5,1,3,1,1,0.5,17,1,0,0.75,0.6666667,0,0,4.3333335,"1","1","11","0",1,0.33333334,TRUE
"11870","lucene","2.2","org.apache.lucene.search.IndexSearcher$1",2,2,0,2,5,0,1,2,1,0.33333334,28,1,2,0.5,0.5833333,0,0,11.5,NA,"0",NA,"0",2,1,FALSE
"11871","lucene","2.2","org.apache.lucene.util.Constants",2,1,0,0,5,1,0,0,0,1,44,0,0,0,1,0,0,17,"1","1","11","0",0,0,FALSE
